{
  "main": {
    "id": "dd81906334f68e3b",
    "type": "split",
    "children": [
      {
        "id": "ca9ca2fcf980d8cf",
        "type": "tabs",
        "children": [
          {
            "id": "ade59cf0f02d6cec",
            "type": "leaf",
            "state": {
              "type": "graph",
              "state": {}
            }
          },
          {
            "id": "5aedc8102faed0f4",
            "type": "leaf",
            "state": {
              "type": "markdown",
              "state": {
                "file": "Circular Economy Integration.md",
                "mode": "source",
                "source": false
              }
            }
          },
          {
            "id": "8e5f0da5e4f10731",
            "type": "leaf",
            "state": {
              "type": "markdown",
              "state": {
                "file": "Regenerative Water Management.md",
                "mode": "source",
                "source": false
              }
            }
          },
          {
            "id": "263fca42f92a77f0",
            "type": "leaf",
            "state": {
              "type": "markdown",
              "state": {
                "file": "Urban Biodiversity.md",
                "mode": "source",
                "source": false
              }
            }
          }
        ]
      }
    ],
    "direction": "vertical"
  },
  "left": {
    "id": "d3f84c2d48c1f2c6",
    "type": "split",
    "children": [
      {
        "id": "cf2bbbb0b879da0a",
        "type": "tabs",
        "children": [
          {
            "id": "7d7c5bf57451d0e2",
            "type": "leaf",
            "state": {
              "type": "file-explorer",
              "state": {
                "sortOrder": "alphabetical"
              }
            }
          },
          {
            "id": "adf4acb0d2c2d2e6",
            "type": "leaf",
            "state": {
              "type": "search",
              "state": {
                "query": "",
                "matchingCase": false,
                "explainSearch": false,
                "collapseAll": false,
                "extraContext": false,
                "sortOrder": "alphabetical"
              }
            }
          },
          {
            "id": "5e8c6f0f255360a0",
            "type": "leaf",
            "state": {
              "type": "bookmarks",
              "state": {}
            }
          }
        ]
      }
    ],
    "direction": "horizontal",
    "width": 300
  },
  "right": {
    "id": "b90e497922198e35",
    "type": "split",
    "children": [
      {
        "id": "b7f298dabd8aa7b8",
        "type": "tabs",
        "children": [
          {
            "id": "cbc0c6b2b03810d1",
            "type": "leaf",
            "state": {
              "type": "backlink",
              "state": {
                "collapseAll": false,
                "extraContext": false,
                "sortOrder": "alphabetical",
                "showSearch": false,
                "searchQuery": "",
                "backlinkCollapsed": false,
                "unlinkedCollapsed": true
              }
            }
          },
          {
            "id": "a2692fa05c06eb82",
            "type": "leaf",
            "state": {
              "type": "outgoing-link",
              "state": {
                "linksCollapsed": false,
                "unlinkedCollapsed": true
              }
            }
          },
          {
            "id": "fc6837c2eb7883b7",
            "type": "leaf",
            "state": {
              "type": "tag",
              "state": {
                "sortOrder": "frequency",
                "useHierarchy": true
              }
            }
          },
          {
            "id": "384f4ae8d11a3f6b",
            "type": "leaf",
            "state": {
              "type": "outline",
              "state": {}
            }
          }
        ]
      }
    ],
    "direction": "horizontal",
    "width": 300,
    "collapsed": true
  },
  "left-ribbon": {
    "hiddenItems": {
      "switcher:Open quick switcher": false,
      "graph:Open graph view": false,
      "canvas:Create new canvas": false,
      "daily-notes:Open today's daily note": false,
      "templates:Insert template": false,
      "command-palette:Open command palette": false
    }
  },
  "active": "ade59cf0f02d6cec",
  "lastOpenFiles": [
    "Inclusive Design.md",
    "Natural Daylighting.md",
    "Biophilic Integration.md",
    "Active Building Design.md",
    "000 - Index.md",
    "Accessible Public Spaces.md",
    "Biophilic Design.md",
    "Biomimicry Integration.md",
    "Green Roofs.md",
    "Energy-Efficient Systems.md",
    "Natural Ventilation.md",
    "Passive Solar Design.md",
    "Adaptive Reuse.md",
    "Active Transportation.md",
    "Accessible Infrastructure.md",
    "Carbon Neutral Design.md",
    "Healing Gardens.md",
    "Bioclimatic Zoning.md",
    "Ancestral Practices.md",
    "Indigenous Design Principles.md",
    "Affordable Housing Solutions.md",
    "Sustainable Construction.md",
    "Adaptive Reintegration.md",
    "Heritage Conservation.md",
    "Efficient Resource Allocation.md",
    "Community Resilience.md"
  ]
}